Dataset,Precision,Recall,F1
Industry,0.9637121439280361,0.9649230769230769,0.9631554210200826
Paged,0.8729545454545453,0.9584920634920635,0.9061109788044774
